MaxTemp,MinTemp,MeanTemp
25.55555556,22.22222222,23.88888889
28.88888889,21.66666667,25.55555556
26.11111111,22.22222222,24.44444444
26.66666667,22.22222222,24.44444444
26.66666667,21.66666667,24.44444444
26.66666667,21.66666667,24.44444444
28.33333333,22.77777778,25.55555556
26.66666667,22.22222222,24.44444444
27.22222222,22.77777778,25
25.55555556,21.666666